ensemble_strategy,n_trials,accuracy,roc_auc,pr_auc,f1,recall,precision,device,f2,meta_score
stacking,240.0,0.954281598479032,0.991846409238542,0.964184371920202,0.8707703812241512,0.956970268994809,0.7991563240179494,cpu,0.92061062564248,0.947929906245009
voting,120.0,0.9538866342485952,0.9914548127585154,0.9626023159396596,0.8695873649934305,0.9551297781972627,0.7984100719434777,cpu,0.9190497699314207,0.9465965422993113
